Region,Observed pattern,Programme-review question
Addis Ababa,Above national reference across all examined stages,What practices may help sustain strong ANC performance?
Afar,"Lower entry, but comparatively strong later continuation",What geographic or service-access barriers limit ANC entry?
Amhara,Generally above national reference across the pathway,What factors support relatively strong pathway performance?
Benishangul-Gumuz,"Lower entry and early initiation, but stronger continuation once engaged",What prevents women from entering and initiating ANC early?
Central Ethiopia,"Good entry, but weak early initiation and later continuation",What limits timely initiation and continuation after women enter ANC?
Dire Dawa,Strong performance across timing and continuation stages,What service-delivery practices may support strong timing and continuity?
Gambella,"Near-national entry, but weaker timing and continuation",What factors limit timely initiation and continued attendance after entry?
Harari,"Strong early initiation, weaker ANC4+ progression, stronger later continuation",What limits progression from ANC entry to ANC4+ despite early initiation?
Oromia,"Moderately below national at entry, timing and later continuation",Where are the main barriers to entry and later continuation?
Sidama,"Good entry, but weak timing and subsequent progression",Why do women enter ANC but progress poorly through subsequent contacts?
Somali,Very low entry and ANC4+ progression; later continuation closer to national once ANC4+ is reached,What prevents ANC entry and progression through the first four contacts?
South Ethiopia,"Near-national entry, but weak timing and later continuation",What limits timely initiation and continuation after entry?
South West Ethiopia,Mostly close to national reference across stages,Are there specific subgroups or localities hiding behind near-national averages?
Tigray,"High entry, but weaker progression and later continuation",Why does continuation weaken after relatively strong ANC entry?
