file,bytes,sha256
contextual_evidence\intention_anc4.csv,305,af6f111a41269caa2345d104e328354d14839ffcb728dbec143b0ca67bdcb371
contextual_evidence\intention_any_anc.csv,313,b0384ed4356247f636ca97bb2789873ccd62840767a1356901a681cc5bc86596
contextual_evidence\occupation_anc4.csv,468,352dfb18e56a39d9ff9b3942667313a1d900327d343975e2029dd214ebbf5e44
contextual_evidence\occupation_anc8_after4.csv,474,513df44058b2ab02899cc36f2b7c524cd032bfd060df2bf7f66a7dafb4e5a230
contextual_evidence\occupation_anc8_early.csv,475,fd5fb7886471a1b5a7126018c1de823ecbff13daaea5bc1f33f9f897d5ef3d73
contextual_evidence\occupation_any_anc.csv,475,cfc84cbf9d30f03277717a0d3a139152ebf051dcdf0e685db195dc4eb7635080
contextual_evidence\occupation_early_anc.csv,485,465351f65bc9f86a7da7c00dc4a7e77de75f451722f8cd85915a1f5543ecfd4b
contextual_evidence\religion_anc4.csv,361,dfb283bc320b1d08c093f0922ac3af4783208b9d4646b400cbb9497b248fe8a2
contextual_evidence\religion_anc8_after4.csv,364,dafa01e3ced2c9f4afb23bd8fc3a07f0530ecf07c664cbae03316203f44dce4b
contextual_evidence\religion_anc8_early.csv,367,381c1b3815c933e8df8ad9ad19ddb02f87a231f8de1a721698e3495810dee64c
contextual_evidence\religion_any_anc.csv,371,9eebac3fb26b104b4b4cc237b939fe21b76fe4fe6034e591eed6de809b0f1712
contextual_evidence\religion_early_anc.csv,378,7b85bda3c6523cceabe8000f5c0c9190a8f494e76d493dab4bf21bbd8f79bf8b
dashboard_attendance\anc_pathway_reporting.csv,434,98f9a019340c8f3e999eafc3b742d7ba48ace7fbc0e0ec64f5bf288c52172312
dashboard_attendance\attendance_profile_reporting.csv,480,30463019d5d4d3016853efdc75c07ca9e766945000cd27c46831fff92df8764e
dashboard_attendance\region_anc4.csv,1144,d111d2bec2a84ed354338e7b918a4b0f395665caf56afba7a12e1f41f749e5d4
dashboard_attendance\region_anc8.csv,1151,87247fb226db1e5c434f762cb8ce525113f9c53a762d0e9792452318f4c8f209
dashboard_attendance\region_any_anc.csv,1138,692426ca1b1cd161b38853adc73a89753a2333d410aa21c0b356132e4b6f9ed7
dashboard_attendance\region_early_anc.csv,1160,9eb87482ffbeb4dee10cc53619038d801afc50e9e55fe4e9a24dc6381c7e04b6
dashboard_attendance\region_early_anc8.csv,1139,9385bf45b29734e7c5a58f44db504e53760942e7227c78ebda5374ab2e58dd38
dashboard_attendance\region_timing_synthesis.csv,1541,4b823bf4ed4ee4bd8be00bf04acc1107912284adbc4dba5553607fb6b05cf7bc
dashboard_attendance\regional_diagnostic.csv,2970,1db58ada5b71ef54351aa7ab3dad3f985c9abc8eb2c846150a5f8ac64f5da789
dashboard_attendance\timing_anc8_reporting.csv,230,ad1c8fc4e4b12c6ff18cda6b7d685d6307ab48ccf2589416638843cd3130735d
dashboard_attendance\timing_pathway_reporting.csv,357,f18e46a156f78ddc7eb3e0ce4738c8f22d021e65943c2ad0791c29a3cc4ee37a
dashboard_attendance\travel_anc4.csv,361,c17889df65ac7c0af088130f3b25033e30d835773093e13908a71a4e9d4e56a7
dashboard_attendance\travel_anc8.csv,366,702ec9d1b39192352526a8f1001cdfa4fee2785f80ecefd56af7f7e7556c9385
dashboard_attendance\travel_any_anc.csv,365,638678b43808e2e97c30086d836964c731f163320b57ff8de0bc33c71388fd32
dashboard_attendance\travel_early_anc.csv,381,022283a23b67053d0cdbd925494869315c55c6b1e618011370923f440b254f08
dashboard_attendance\travel_early_anc8.csv,368,844a6d5d57f1b13626f1989e8e1a9e56eb1cc827aada76f4c883c7c17bdf6a0b
dashboard_attendance\wealth_anc4.csv,426,b2ad00a4226d1343df147f9a803d3641004c254981a24d82206131fee27a780a
dashboard_attendance\wealth_anc8.csv,430,4508536abc83d0a493bfdf1aa1c35b6ec2295f500769c01d3b49d47cf043fb74
dashboard_attendance\wealth_any_anc.csv,430,9c50a188db5a1032d60ab2a51a0dc6a9e79b74f06e49a51fea85016803851272
dashboard_attendance\wealth_early_anc.csv,444,ee7843e7174006e9f8dd58c179ce7ac5b002ff229975246a6988158c1c57fe02
dashboard_attendance\wealth_early_anc8.csv,435,9f6ffd3f7e1ef3a46a0553df0a169562f6681c047a2a8729c335dac87e069e9f
metadata\notebook4_export_log.csv,4567,0d91ddea28b442b3b9b8a681c102456d012c60f24b954d906a6b138568de3e50
metadata\notebook4_export_registry.csv,2596,e148d93abe4ce5688019a2ab097c4ec2e734563e4ed97f0900e14ec8d079b65e
metadata\notebook4_provenance.json,3617,36e2441fe23cbef24d9396a2678e792130d5409bba540d7ee247039a42b5f25c
model_evidence\entry_extended_model_evidence.csv,1464,f4380e06236b3c8c146f7afc928deb5e0e1ab469af552b8df44310593cfaf3d9
model_evidence\full_model_evidence.csv,1412,e8b29e2eef394c41492483d2f6dc12836e4a27678e19f9894e133eef55f9bbca
model_evidence\initiation_contrasts.csv,432,192cf2c6bf08e55b849c7762b37a2cc2155896fcf52dfe621cc1edaa18e2e1cf
model_evidence\nb4_performance_panel.csv,2427,ea1193e54eeac80423711322c1be3b1611c6da2b6a6e50c580e87b8f86c77a4f
model_evidence\nb4_shap_direction_panel.csv,3141,1fc40e5adf1447f08b42636d3657ee5b465ae50fa1b94a3f4e02a5ea6e6cb776
model_evidence\paired_performance.csv,1609,2b482c8c4b026bd0535928faf6ca5f1ffd929c3f23755db779406c2402e671ac
model_evidence\shared_shap_display.csv,1616,9cb438caeba26f3b0e916b372db912afb57e968bef935eb022127999a2a06349
programme_review\contextual_overlays.csv,2228,73151d9ec6f1fe411b884e6e54444ba300b27e0daa2de8ddea2ddb107e41c873
programme_review\core_programme_review.csv,3784,6bbaf466768b11a2b10e9d6a28dbed4136c1855b2c24d9bc8b2fbf2de0ddf24b
programme_review\evidence_review_matrix.csv,4537,0bfacb5e58395528ce6418138fce10ae25f394b05a668a604b38018eeaf54cab
programme_review\programme_guidance_register.csv,2854,753aa2bd9cb59788b9c6dca71ea1a23d297ae67168e33a624e884af4bea316a5
programme_review\programme_review_brief.csv,3097,8009d0f4abcf90835691e75572e95b3d5efa9b98f679e1b883f1b42268ad7e0f
programme_review\regional_review_cues.csv,2046,9df3023f5aa0ed94e5fea85c38896f74ba493c626b93b9f90a389b2621f85854
programme_review\signal_roles.csv,2007,d872c191880eb07db5f23dcb45d663b29d61a28eca2c916e771aba397600012b
README.txt,3360,1bc3861f6988ad63fb58dc7b0b12601cd068e1892ea86404bdbf0e904ac17708
support\denominator_audit.csv,295,4765cb7881fd1f9126b1137e98b930fa7fffa6f6ab57475a45319fe77e7faae8
support\estimator_check_table.csv,343,24f38f0eebbfbd88fd5f4d20f2da1af08def5d95d01de6aa7b1af72c5a4a4388
support\extreme_stage_support.csv,224,9ec7f4a10f4f3aebf5a796a133699b27969ebbb81731df19869dec938c2f13cb
support\national_reference.csv,221,1429fef33619db8f39e1d39c58b452186443885471455f2ceea972d007a4322e
