Population,Algorithm,Specification,Weighted AP,AP CI lower,AP CI upper,Weighted AUROC,AUROC CI lower,AUROC CI upper,Weighted Brier,CITL,Calibration slope,AP (95% CI),AUROC (95% CI)
Full cohort,Logistic regression,Baseline,0.4278800272032039,0.3455095514858454,0.5339537003860402,0.7616933278756165,0.6883698532408066,0.8340205009099034,0.1145437797860487,-0.087498633444809,0.7828797183062556,0.428 (0.346–0.534),0.762 (0.688–0.834)
Full cohort,Random Forest,Baseline,0.3967764930576219,0.3243534028891975,0.4944574430069287,0.7483866756468927,0.6748970640417568,0.825821120629021,0.1170105768252342,-0.1383653995114011,1.0911827559783585,0.397 (0.324–0.494),0.748 (0.675–0.826)
Full cohort,XGBoost,Baseline,0.4383192325213264,0.354472416516693,0.5366086683002732,0.7606599216379486,0.6821803790085259,0.8359414122581125,0.1132014637695811,-0.0534371908056957,0.8576467851604281,0.438 (0.354–0.537),0.761 (0.682–0.836)
ANC-entry,Logistic regression,Baseline,0.4476631584828746,0.3643809133201622,0.5513027235884188,0.7204494035769281,0.6274958085589377,0.7977901215420083,0.14639147706396,-0.1424798714902803,0.732114329491454,0.448 (0.364–0.551),0.720 (0.627–0.798)
ANC-entry,Logistic regression,Extended,0.4744586334091747,0.397415772155502,0.5644396377165993,0.7611498520466524,0.6946472151443788,0.8249169625837441,0.1423087284405525,-0.1032638676239657,0.7525741063674349,0.474 (0.397–0.564),0.761 (0.695–0.825)
ANC-entry,Random Forest,Baseline,0.4297893517326324,0.3525319800790781,0.5298841190446467,0.7179418784282618,0.6253336917794192,0.8027689409226973,0.1481942536309026,-0.1764896318944029,0.8837525379195008,0.430 (0.353–0.530),0.718 (0.625–0.803)
ANC-entry,Random Forest,Extended,0.463835483069786,0.3870833977213282,0.5700090064161378,0.753478705952696,0.678690911287279,0.8324728527789241,0.1415190721333537,-0.2151250126821924,0.9499636051251348,0.464 (0.387–0.570),0.753 (0.679–0.832)
ANC-entry,XGBoost,Baseline,0.4533033312177634,0.3639158406726298,0.5610195437268602,0.718532737402747,0.6250843547333044,0.7977021557476062,0.1449223232964455,-0.0847793939732597,0.8128809472667125,0.453 (0.364–0.561),0.719 (0.625–0.798)
ANC-entry,XGBoost,Extended,0.4751424696970358,0.3942499852618794,0.5785736496037714,0.7587671972125345,0.6908272629015664,0.8301416887439088,0.1410244125742493,-0.0931562904129731,0.7960388309178563,0.475 (0.394–0.579),0.759 (0.691–0.830)
