population,algorithm,predictor,predictor_label,category,n_women,weighted_mean_signed_shap,SHAP direction
Full cohort,XGBoost,wealth_quintile,Household wealth,Poorest,522,-0.8738,Negative contribution
Full cohort,XGBoost,wealth_quintile,Household wealth,Poorer,275,-0.5686,Negative contribution
Full cohort,XGBoost,wealth_quintile,Household wealth,Middle,169,-0.0499,Negative contribution
Full cohort,XGBoost,wealth_quintile,Household wealth,Richer,150,0.1159,Positive contribution
Full cohort,XGBoost,wealth_quintile,Household wealth,Richest,259,0.7436,Positive contribution
Full cohort,XGBoost,region,Region,Addis Ababa,65,0.6448,Positive contribution
Full cohort,XGBoost,region,Region,Afar,148,0.5703,Positive contribution
Full cohort,XGBoost,region,Region,Amhara,88,0.1932,Positive contribution
Full cohort,XGBoost,region,Region,South West Ethiopia,91,-0.0933,Negative contribution
Full cohort,XGBoost,region,Region,Harari,72,-0.1026,Negative contribution
Full cohort,XGBoost,region,Region,Benishangul-Gumuz,88,-0.1127,Negative contribution
Full cohort,XGBoost,region,Region,Gambella,74,-0.1229,Negative contribution
Full cohort,XGBoost,region,Region,Dire Dawa,61,-0.1338,Negative contribution
Full cohort,XGBoost,region,Region,Oromia,147,-0.138,Negative contribution
Full cohort,XGBoost,region,Region,South Ethiopia,110,-0.1851,Negative contribution
Full cohort,XGBoost,region,Region,Tigray,103,-0.229,Negative contribution
Full cohort,XGBoost,region,Region,Central Ethiopia,103,-0.2675,Negative contribution
Full cohort,XGBoost,region,Region,Sidama,92,-0.2924,Negative contribution
Full cohort,XGBoost,region,Region,Somali,133,-0.3673,Negative contribution
Full cohort,XGBoost,religion_group,Religion,Protestant,317,-0.1586,Negative contribution
Full cohort,XGBoost,religion_group,Religion,Muslim,647,-0.0929,Negative contribution
Full cohort,XGBoost,religion_group,Religion,Orthodox,350,0.1322,Positive contribution
Full cohort,XGBoost,religion_group,Religion,Other religion,61,-0.0973,Negative contribution
Full cohort,XGBoost,pregnancy_intention,Pregnancy intention,Wanted then,1180,0.0673,Positive contribution
Full cohort,XGBoost,pregnancy_intention,Pregnancy intention,Wanted later,138,-0.4259,Negative contribution
Full cohort,XGBoost,pregnancy_intention,Pregnancy intention,Wanted no more,57,-0.4417,Negative contribution
Full cohort,XGBoost,maternal_occupation_group,Maternal occupation,Not working,936,-0.0928,Negative contribution
Full cohort,XGBoost,maternal_occupation_group,Maternal occupation,Sales/services,149,-0.0081,Negative contribution
Full cohort,XGBoost,maternal_occupation_group,Maternal occupation,Agriculture,159,0.3151,Positive contribution
Full cohort,XGBoost,maternal_occupation_group,Maternal occupation,Professional/clerical,54,-0.0112,Negative contribution
Full cohort,XGBoost,maternal_occupation_group,Maternal occupation,Manual/domestic,77,-0.0169,Negative contribution
ANC-entry,XGBoost,early_anc,Early ANC initiation,Later initiation,568,-0.8024,Negative contribution
ANC-entry,XGBoost,early_anc,Early ANC initiation,Early initiation,416,0.695,Positive contribution
