predictor,predictor_label,baseline_shared_rank,extended_shared_rank,baseline_mean_abs_shap,extended_mean_abs_shap,extended_minus_baseline
wealth_quintile,Household wealth,1,1,0.4098,0.2691,-0.1406
travel_time_min,Travel time to nearest hospital/health centre,2,2,0.243,0.2108,-0.0322
region,Region,3,3,0.1978,0.1417,-0.0561
maternal_occupation_group,Maternal occupation,4,4,0.1136,0.136,0.0224
religion_group,Religion,5,5,0.1134,0.1228,0.0093
pregnancy_intention,Pregnancy intention,6,6,0.1018,0.1035,0.0017
partner_education,Partner education,7,7,0.085,0.0981,0.0131
traditional_media_weekly_count,Weekly traditional-media count,9,8,0.0741,0.0858,0.0117
internet_exposure,Internet exposure,11,9,0.06,0.0797,0.0196
healthcare_decision_participation,Healthcare decision participation,16,10,0.0346,0.0659,0.0313
preceding_pregnancy_interval_group,Preceding pregnancy interval,8,11,0.0782,0.0491,-0.0291
transport_mode_group,Transport mode to nearest hospital/health centre,13,12,0.0418,0.0463,0.0045
v012,Maternal age at interview,12,13,0.0556,0.0463,-0.0093
partner_occupation_group,Partner occupation,15,14,0.0362,0.0416,0.0054
household_size,Household size,10,15,0.0696,0.0323,-0.0373
residence,Urban/rural residence,21,16,0.001,0.0323,0.0313
maternal_education,Maternal education,14,17,0.0401,0.0305,-0.0096
previous_pregnancy_history,Previous pregnancy history,18,18,0.0199,0.028,0.0082
pregnancy_order_group,Pregnancy order,17,19,0.0279,0.0259,-0.002
health_insurance,Health insurance,19,20,0.0068,0.0082,0.0014
maternal_current_union_status,Current union status,20,21,0.0018,0.0071,0.0052
