Region,ANC-entry women n,PSUs,Early ANC n,Early ANC %,95% CI lower,95% CI upper
Addis Ababa,293,54,218,68.90483866525987,60.342118583590896,76.34354955379894
Afar,421,50,179,46.166366257412825,38.047345123055884,54.49397337753186
Amhara,466,67,230,51.39866853702079,45.30415494560258,57.451870815108265
Benishangul-Gumuz,286,49,111,36.286230030285736,29.037741924723665,44.2166746304601
Central Ethiopia,421,60,149,33.99076934974282,29.005090124735638,39.35833714770852
Dire Dawa,248,42,176,72.43872419811298,65.35253994282886,78.55127987123014
Gambella,320,45,121,35.68104461736551,30.020085866088948,41.77229322073987
Harari,224,38,149,68.05706404442965,61.24797409206798,74.17421563650852
Oromia,489,79,191,40.027537147351325,33.796033298745485,46.59928908852767
Sidama,384,60,86,25.43094349255131,19.68156661459006,32.186782460228684
Somali,183,49,73,44.3184990378773,33.79991801984024,55.37247306916644
South Ethiopia,416,62,120,31.07653888985478,24.60449761492361,38.38429077844201
South West Ethiopia,323,55,120,40.69090900932214,31.930699905695793,50.08606449979601
Tigray,527,70,207,39.9766085597863,35.04137990174071,45.12407312068172
