Region,ANC users n,PSUs,ANC4+ n,ANC4+ %,95% CI lower,95% CI upper
Addis Ababa,293,54,284,95.42784697884824,90.32084638271569,97.90281350843495
Afar,423,50,256,62.99134823725011,55.581451855764655,69.83596740878859
Amhara,466,67,320,69.07404139342759,62.049321639101485,75.31575123767512
Benishangul-Gumuz,286,49,231,82.58242067181236,78.07491770415493,86.32554548558157
Central Ethiopia,421,60,291,67.88376835744741,61.776526414520795,73.43482525064171
Dire Dawa,249,42,194,79.78140185556236,73.98245160431115,84.55763149035305
Gambella,322,45,192,59.93701981609105,51.12735128197171,68.14799804821673
Harari,226,38,132,60.29984311394423,52.20445508169676,67.86802390282728
Oromia,489,79,327,68.4541511026789,62.63027977855571,73.75079874070657
Sidama,385,60,171,48.07775885758356,42.075017394312134,54.13651128713586
Somali,183,49,53,33.78857532646434,23.826687935373236,45.431385711011444
South Ethiopia,421,62,243,59.472780688253934,53.097880553311136,65.54348390188056
South West Ethiopia,323,55,223,70.13499122877003,63.01981434600504,76.3939718022132
Tigray,529,70,317,61.32253801321502,55.57653769897313,66.76970304447632
