Region,Resolved n,PSUs,Any ANC n,Any ANC %,95% CI lower,95% CI upper
Addis Ababa,297,54,293,98.56808647680712,96.0403744814634,99.4907356182709
Afar,651,52,423,69.89726959298449,60.30994897230114,78.01301333222803
Amhara,523,67,466,89.21555318259043,84.96357062092827,92.37309831537087
Benishangul-Gumuz,438,50,286,69.40051046217472,59.514327465466856,77.77414601325668
Central Ethiopia,486,60,421,85.9654992220285,80.45040056215636,90.11589589860063
Dire Dawa,294,42,249,85.24427677541112,80.15980564700082,89.20127824204633
Gambella,423,45,322,78.06456272700004,70.74604936267558,83.96711647180905
Harari,309,38,226,76.99977418430517,67.1051746467799,84.60109898019952
Oromia,699,79,489,71.07766863475187,65.15851443578545,76.3561257493813
Sidama,464,60,385,84.6664563429132,78.46938388847079,89.32255760739226
Somali,669,60,183,33.723414661869214,26.14638918168647,42.24034396904334
South Ethiopia,576,62,421,74.97465378642582,68.35067310238327,80.60565632688922
South West Ethiopia,454,55,323,72.20839093946448,64.42729029842621,78.84630214773864
Tigray,610,70,529,87.33107785783089,83.58560053673246,90.32087097098497
