Region,Early initiators n,PSUs,ANC8+ n,ANC8+ %,95% CI lower,95% CI upper
Addis Ababa,218,54,176,78.24645749125526,69.26598010092663,85.16485953790882
Afar,179,40,93,53.25289680167155,43.303451939557604,62.950195727646985
Amhara,230,63,111,47.706222414835466,39.90099901334971,55.625105256283526
Benishangul-Gumuz,111,41,62,58.35122363224832,48.28119742977606,67.7694312266348
Central Ethiopia,149,48,36,22.0042298172424,16.2997759919108,29.01306693970519
Dire Dawa,176,41,99,59.439034838219776,51.62969264362398,66.79835897573624
Gambella,121,39,27,22.475960662933545,16.30925716147521,30.1347794127918
Harari,149,36,64,42.21162399127626,33.1501444987436,51.8296336038656
Oromia,191,60,68,35.94500743321313,27.25660023754261,45.664388953384645
Sidama,86,39,26,33.200044462785655,19.63727551752511,50.27045913958851
Somali,73,32,14,21.708598535090324,11.325377932149463,37.5772492250393
South Ethiopia,120,47,25,26.379563704363342,16.62139560757591,39.17492816722158
South West Ethiopia,120,42,50,46.138113163765425,33.16638642575291,59.65478886627634
Tigray,207,67,55,29.085925427397253,22.041711024463602,37.30412487601301
