Region,Any ANC %,ANC4+ among ANC users %,ANC8+ among ANC4+ %,Early ANC %,ANC8+ among early initiators %,Any ANC gap pp,Early ANC gap pp,ANC4+ gap pp,ANC8+ after ANC4 gap pp,ANC8+ after early ANC gap pp
Addis Ababa,98.56808647680712,95.42784697884824,70.27683230960623,68.90483866525987,78.24645749125526,20.971214033411854,25.42646082639874,27.86529475788815,33.72731721565688,35.86701154691416
Afar,69.89726959298449,62.99134823725011,54.12866504502317,46.166366257412825,53.25289680167155,-7.699602850410784,2.68798841855169,-4.571203983709978,17.579149951073816,10.873450857330454
Amhara,89.21555318259043,69.07404139342759,45.935262397614615,51.39866853702079,47.706222414835466,11.618680739195156,7.920290698159654,1.5114891724675061,9.385747303665262,5.326776470494373
Benishangul-Gumuz,69.40051046217472,82.58242067181236,35.51627163157634,36.286230030285736,58.35122363224832,-8.196361981220548,-7.192147808575399,15.019868450852272,-1.0332434623730151,15.971777687907228
Central Ethiopia,85.9654992220285,67.88376835744741,17.125082077277384,33.99076934974282,22.0042298172424,8.368626778633228,-9.487608489118315,0.3212161364873225,-19.42443301667197,-20.375216127098692
Dire Dawa,85.24427677541112,79.78140185556236,56.92287503269397,72.43872419811298,59.439034838219776,7.647404332015853,28.960346359251844,12.218849634602279,20.37335993874462,17.059588893878683
Gambella,78.06456272700004,59.93701981609105,22.899984981753025,35.68104461736551,22.475960662933545,0.4676902836047674,-7.797333221495627,-7.625532404869034,-13.649530112196327,-19.903485281407548
Harari,76.99977418430517,60.29984311394423,55.27459772530885,68.05706404442965,42.21162399127626,-0.5970982590901031,24.578686205568516,-7.2627091070158585,18.7250826313595,-0.1678219530648306
Oromia,71.07766863475187,68.4541511026789,31.597828989981487,40.027537147351325,35.94500743321313,-6.519203808643397,-3.4508406915098107,0.8915988817188207,-4.951686103967866,-6.434438511127965
Sidama,84.6664563429132,48.07775885758356,23.202319890592904,25.43094349255131,33.200044462785655,7.069583899517923,-18.047434346309824,-19.484793363376525,-13.34719520335645,-9.179401481555438
Somali,33.723414661869214,33.78857532646434,33.428759178654445,44.3184990378773,21.708598535090324,-43.87345778152606,0.840121199016167,-33.773976894495746,-3.1207559152949074,-20.67084740925077
South Ethiopia,74.97465378642582,59.472780688253934,17.402198076421758,31.07653888985478,26.379563704363342,-2.6222186569694514,-12.401838949006354,-8.089771532706152,-19.147317017527595,-15.999882239977751
South West Ethiopia,72.20839093946448,70.13499122877003,34.10377486341237,40.69090900932214,46.138113163765425,-5.388481503930791,-2.7874688295389944,2.5724390078099475,-2.445740230536984,3.758667219424332
Tigray,87.33107785783089,61.32253801321502,21.58065147305601,39.9766085597863,29.085925427397253,9.734205414435621,-3.5017692790748356,-6.240014207745062,-14.968863620893341,-13.29352051694384
