Region,Any ANC %,ANC4+ among ANC users %,ANC8+ among ANC4+ %,Early ANC %,ANC8+ among early initiators %
Addis Ababa,98.56808647680712,95.42784697884824,70.27683230960623,68.90483866525987,78.24645749125526
Afar,69.89726959298449,62.99134823725011,54.12866504502317,46.166366257412825,53.25289680167155
Amhara,89.21555318259043,69.07404139342759,45.935262397614615,51.39866853702079,47.706222414835466
Benishangul-Gumuz,69.40051046217472,82.58242067181236,35.51627163157634,36.286230030285736,58.35122363224832
Central Ethiopia,85.9654992220285,67.88376835744741,17.125082077277384,33.99076934974282,22.0042298172424
Dire Dawa,85.24427677541112,79.78140185556236,56.92287503269397,72.43872419811298,59.439034838219776
Gambella,78.06456272700004,59.93701981609105,22.899984981753025,35.68104461736551,22.475960662933545
Harari,76.99977418430517,60.29984311394423,55.27459772530885,68.05706404442965,42.21162399127626
Oromia,71.07766863475187,68.4541511026789,31.597828989981487,40.027537147351325,35.94500743321313
Sidama,84.6664563429132,48.07775885758356,23.202319890592904,25.43094349255131,33.200044462785655
Somali,33.723414661869214,33.78857532646434,33.428759178654445,44.3184990378773,21.708598535090324
South Ethiopia,74.97465378642582,59.472780688253934,17.402198076421758,31.07653888985478,26.379563704363342
South West Ethiopia,72.20839093946448,70.13499122877003,34.10377486341237,40.69090900932214,46.138113163765425
Tigray,87.33107785783089,61.32253801321502,21.58065147305601,39.9766085597863,29.085925427397253
