page_order,page_title,visual_order,visual_id,visual_title,visual_type,source_paths,interaction,key_fields,denominator_note,dashboard_role,interpretation_boundary
1,Model evidence,1,P1_V1,Held-out model performance panel,cards_table,model_evidence/nb4_performance_panel.csv,Optional filter by population/algorithm/specification,Population; Algorithm; Specification; Weighted AP; Weighted AUROC; Weighted Brier; CITL; Calibration slope; AP (95% CI); AUROC (95% CI),Held-out model evaluation populations from frozen Notebook 2 outputs,Opening performance summary,Frozen predictive performance only; not a programme threshold.
1,Model evidence,2,P1_V2,Paired performance comparison,ci_dotplot_or_table,model_evidence/paired_performance.csv,Optional filter by metric or algorithm,population; Algorithm; Metric; Point_estimate; CI_lower; CI_upper; CI_excludes_zero,Held-out ANC-entry comparisons imported from Notebook 2,Shows uncertainty around baseline versus extended model differences,Confidence intervals govern interpretation; no causal meaning.
1,Model evidence,3,P1_V3,Full-cohort top predictors,ranked_table_or_bar,model_evidence/full_model_evidence.csv,Optional sort by model-specific rank,predictor_label; Logistic permutation rank; RF permutation rank; XGB permutation rank; XGB SHAP rank; XGB mean |SHAP|,Full cohort ANC8+ model evidence,Identifies variables motivating descriptive deep dives,Model prominence only; not causal importance.
1,Model evidence,4,P1_V4,ANC-entry extended top predictors,ranked_table_or_bar,model_evidence/entry_extended_model_evidence.csv,Optional sort by model-specific rank,predictor_label; Logistic permutation rank; RF permutation rank; XGB permutation rank; XGB SHAP rank; XGB mean |SHAP|,ANC-entry extended ANC8+ model evidence,Shows the ranking after adding early ANC,Model prominence only; not causal importance.
1,Model evidence,5,P1_V5,Shared-predictor SHAP comparison,slope_or_table,model_evidence/shared_shap_display.csv,Optional sort by extended_minus_baseline,predictor_label; baseline_shared_rank; extended_shared_rank; baseline_mean_abs_shap; extended_mean_abs_shap; extended_minus_baseline,Shared predictors within ANC-entry XGBoost framework,Shows how prominence shifts after adding early ANC,Changes in SHAP magnitude do not imply mediation or causal pathways.
1,Model evidence,6,P1_V6,Selected SHAP direction panel,signed_table,model_evidence/nb4_shap_direction_panel.csv,Filter by predictor,predictor_label; category; n_women; weighted_mean_signed_shap; SHAP direction,Signed contributions on model scale,Provides model-direction context for selected top predictors,Signed SHAP values are not subgroup outcomes or intervention effects.
1,Model evidence,7,P1_V7,Early-ANC model contrasts,cards_or_small_table,model_evidence/initiation_contrasts.csv,None,algorithm; weighted_mean_p_later; weighted_mean_p_early; weighted_mean_difference_pp,ANC-entry extended model response contrasts,Bridges model evidence to timing deep dive,Hypothetical model response only; not a causal effect.
2,Attendance and equity,1,P2_V1,Final ANC attendance profile,bar_chart,dashboard_attendance/attendance_profile_reporting.csv,None,ANC contacts; Weighted %; 95% CI lower; 95% CI upper; Unweighted n; Weighted n,Resolved ANC contact count population,High-level attendance profile,Final attainment categories; not observed longitudinal dropout.
2,Attendance and equity,2,P2_V2,National ANC pathway,funnel_or_step_bar,dashboard_attendance/anc_pathway_reporting.csv,None,transition; eligible_unweighted_n; attained_unweighted_n; weighted_attainment_percent; ci_lower_percent; ci_upper_percent; weighted_nonattainment_percent,Conditional denominators vary by pathway stage,National pathway reference,Conditional attainment only; not directly observed dropout.
2,Attendance and equity,3,P2_V3,Wealth equity chart,selector_bar_chart,dashboard_attendance/wealth_any_anc.csv; dashboard_attendance/wealth_anc4.csv; dashboard_attendance/wealth_anc8.csv; dashboard_attendance/wealth_early_anc.csv; dashboard_attendance/wealth_early_anc8.csv,Indicator selector with 5 options,"Wealth quintile plus indicator-specific numerator, denominator, estimate and 95% CI columns",Must update explicitly with selected indicator,Core equity deep dive,Descriptive subgroup differences only; denominator changes by indicator.
2,Attendance and equity,4,P2_V4,Travel-time equity chart,selector_bar_chart,dashboard_attendance/travel_any_anc.csv; dashboard_attendance/travel_anc4.csv; dashboard_attendance/travel_anc8.csv; dashboard_attendance/travel_early_anc.csv; dashboard_attendance/travel_early_anc8.csv,Indicator selector with 5 options,"Travel time plus indicator-specific numerator, denominator, estimate and 95% CI columns",Must update explicitly with selected indicator,Core access deep dive,Descriptive subgroup differences only; denominator changes by indicator.
2,Attendance and equity,5,P2_V5,Regional equity map,selector_choropleth,dashboard_attendance/region_any_anc.csv; dashboard_attendance/region_anc4.csv; dashboard_attendance/region_anc8.csv; dashboard_attendance/region_early_anc.csv; dashboard_attendance/region_early_anc8.csv; dashboard_attendance/regional_diagnostic.csv; geography/ethiopia_admin1_dashboard.geojson; geography/region_name_crosswalk.csv,Indicator selector with 5 options; hover tooltip,Region; indicator-specific estimate; 95% CI lower; 95% CI upper; denominator n; numerator n; PSUs; optional gap fields from regional_diagnostic,Must update explicitly with selected indicator,Regional display and equity comparison,Displays frozen regional estimates; Contested geography remains non-analytical.
2,Attendance and equity,6,P2_V6,Regional diagnostic table,table,dashboard_attendance/regional_diagnostic.csv,Optional sort by any gap column,Region; Any ANC %; ANC4+ among ANC users %; ANC8+ among ANC4+ %; Early ANC %; ANC8+ among early initiators %; gap columns,Synthesis only; not a source of CIs,Regional comparison companion to the map,Descriptive gap summary only.
3,Timing and continuation,1,P3_V1,Early versus later initiation and ANC8+,paired_bar_chart,dashboard_attendance/timing_anc8_reporting.csv,None,timing_group; anc8plus_percent; ci_lower_percent; ci_upper_percent; anc8plus_n; below_anc8_n,Women with known ANC initiation timing among ANC users,Shows the primary timing association,Descriptive association only; not a causal effect.
3,Timing and continuation,2,P3_V2,Timing-specific pathway,grouped_step_bar_or_table,dashboard_attendance/timing_pathway_reporting.csv,None,timing_group; anc4plus_percent; anc4plus_ci_lower; anc4plus_ci_upper; anc8_given_anc4_percent; anc8_given_anc4_ci_lower; anc8_given_anc4_ci_upper,Conditional denominators differ by stage,Distinguishes initiation from continuation after ANC4+,Conditional attainment only; not observed dropout or mediation.
3,Timing and continuation,3,P3_V3,Regional timing and continuation synthesis,heatmap_or_table,dashboard_attendance/region_timing_synthesis.csv,Optional region sort or highlight,Region; Any ANC %; ANC4+ among ANC users %; ANC8+ among ANC4+ %; Early ANC %; ANC8+ among early initiators %,"Synthesis table, no CI columns",Links timing and continuation across regions,Descriptive synthesis only; interpret together with region-specific source tables where needed.
4,Programme review,1,P4_V1,Programme review brief,summary_cards_or_table,programme_review/programme_review_brief.csv,None,Review domain; Observed evidence; Model evidence; Programme-review cue; Contextual lenses; Key caution,Narrative synthesis,Opening programme-review summary,Review cues only; not intervention recommendations.
4,Programme review,2,P4_V2,Core programme review matrix,matrix_table,programme_review/core_programme_review.csv,None,Core signal; What Notebook 4 shows; Programme-review focus; Options/issues to examine; Guidance anchor; Local verification needed; Boundary,Narrative synthesis,Core evidence-to-review translation,Questions and review anchors only; not causal claims.
4,Programme review,3,P4_V3,Contextual overlays,table,programme_review/contextual_overlays.csv,None,Contextual signal; Observed Notebook 4 pattern; How to use in programme review; Most relevant core domains; Evidence needed before interpretation; Boundary,Narrative synthesis,Secondary contextual evidence layer,Contextual markers should not be treated as mechanisms.
4,Programme review,4,P4_V4,Programme guidance register,reference_table,programme_review/programme_guidance_register.csv,None,Source; Guidance anchor; Relevant Notebook 4 signals; Programme relevance; Interpretation boundary,External guidance layer,Distinguishes guidance from observed data,Guidance informs review options but does not convert associations into effects.
4,Programme review,5,P4_V5,Regional review cues,table,programme_review/regional_review_cues.csv,Optional region filter,Region; Observed pattern; Programme-review question,Regional narrative layer,Region-specific review prompts,"Prompts for review, not operational priorities."
